Kerry,France,Male
Celine,Portugal,Female
Arlin,Russia,Male
Ware,Slovenia,Male
Edward,China,Male
Dalton,Portugal,Bigender
Tova,China,Female
Sibylle,Indonesia,Female
Randi,Slovenia,Male
Larisa,Mexico,Female
Alix,Philippines,Male
Bartlett,Sweden,Male
Sonnie,Nigeria,Female
Rozelle,Thailand,Female
Greg,Indonesia,Male
Griffith,China,Male
Curr,Russia,Male
Margret,China,Genderqueer
Ortensia,Monaco,Female
Chester,China,Male
Kermit,Democratic Republic of the Congo,Male
Lu,Croatia,Female
Kari,France,Female
Maitilde,Myanmar,Female
Tootsie,China,Female
Ynez,China,Female
Casey,Russia,Female
Rorie,Peru,Agender
Brett,China,Female
Xever,China,Male
Valdemar,Slovenia,Bigender
Trudie,China,Female
Alyssa,Indonesia,Female
Gay,Brazil,Female
Ulick,Russia,Male
Montgomery,Moldova,Male
Morly,Croatia,Genderqueer
Alisun,Colombia,Female
Obediah,United States,Male
Dimitri,China,Male
Justus,Argentina,Male
Marcel,Poland,Male
Waneta,Angola,Female
Lynde,Indonesia,Female
Raine,Thailand,Female
Roze,China,Female
Annelise,United States,Bigender
Alleen,China,Female
Trev,Sweden,Male
Geri,China,Polygender
Babara,China,Female
Tabbatha,Russia,Female
Jaymee,Portugal,Female
Gilbertina,Saint Lucia,Polygender
Ryun,Finland,Male
Nell,Indonesia,Female
Raina,Indonesia,Female
Hugues,Czech Republic,Male
Josiah,Peru,Male
Carmelita,France,Female
Martelle,Philippines,Female
Sarita,China,Female
Harrie,Russia,Female
Minnaminnie,Poland,Genderqueer
Gale,Sweden,Male
Angelico,Brazil,Male
Mace,Indonesia,Male
Weber,China,Male
Harrison,Mexico,Male
Brew,Russia,Male
Ezechiel,Bahamas,Male
Balduin,Brazil,Male
Ange,Poland,Female
Twyla,Philippines,Agender
Casey,China,Female
Kass,Peru,Female
Jeniffer,China,Female
Ansell,France,Male
Gayelord,Reunion,Male
Windham,China,Male
Aristotle,China,Genderqueer
Bennett,Albania,Male
Alvin,Sweden,Genderqueer
Minerva,Russia,Female
Ulrica,Indonesia,Female
Jarret,Malaysia,Male
Westbrook,Morocco,Male
Dotti,Malaysia,Female
Lanie,Belarus,Female
Shea,Yemen,Male
Wally,Gabon,Non-binary
Malory,Philippines,Female
Cati,Japan,Female
Harriette,United States,Female
Faith,Indonesia,Female
Mord,Colombia,Male
Elia,Sweden,Male
Jo,Indonesia,Female
Zabrina,Sweden,Non-binary
Tim,Philippines,Female
Hilton,China,Male
Burke,Russia,Male
Kippy,Russia,Female
Amara,China,Female
Osborne,Indonesia,Male
Haslett,Thailand,Male
Allard,Indonesia,Male
Gian,Malaysia,Male
Augustin,Sweden,Male
Jobye,Portugal,Female
Vallie,Pakistan,Female
Bernard,Japan,Male
Casie,Russia,Female
Stephi,Canada,Female
Blair,China,Female
Drusi,Philippines,Female
Puff,France,Male
Mariann,Indonesia,Female
Cherye,Brazil,Female
Sofie,China,Female
Stanislas,Philippines,Male
Rica,Philippines,Female
Carmelle,Slovenia,Female
Edwin,Nigeria,Male
Clementina,Pakistan,Non-binary
Philbert,Japan,Male
Burk,China,Male
Caddric,Thailand,Male
Joleen,Philippines,Female
Lee,Indonesia,Female
Emmerich,Malaysia,Male
Stace,Chad,Female
Miguela,Indonesia,Female
Troy,Canada,Male
Susi,Sweden,Female
Clemmy,Philippines,Female
Paige,Ukraine,Female
Rozanne,Syria,Female
Ollie,Indonesia,Male
Bevvy,Vietnam,Female
Finley,Ethiopia,Male
Lorraine,Nigeria,Female
Tallou,Australia,Female
Siusan,Burkina Faso,Female
Mendel,Portugal,Male
Blinnie,South Korea,Female
Hannah,South Africa,Female
Ilsa,Russia,Female
Ingamar,Canada,Male
Tresa,China,Female
Berkeley,Venezuela,Male
Yardley,Russia,Male
Rivalee,Brazil,Female
Imelda,Indonesia,Female
Bobine,Indonesia,Non-binary
Lesya,Indonesia,Female
Arte,Philippines,Male
Raff,Brazil,Male
Kimball,Indonesia,Male
Ambrose,Monaco,Male
Daniel,Philippines,Male
Terrence,United Arab Emirates,Male
Marillin,Malaysia,Female
Corette,Palestinian Territory,Female
Penni,Burundi,Female
Laurel,Greece,Polygender
Coop,China,Male
Teddi,Malaysia,Female
Denny,Poland,Genderqueer
Justinian,Indonesia,Male
Donnajean,Japan,Female
Creighton,Brazil,Male
Becca,China,Female
Cello,Portugal,Male
Gerik,China,Male
Murielle,China,Female
Emerson,Portugal,Non-binary
Mack,China,Male
Gillan,Peru,Female
Jeddy,Bangladesh,Male
Orelia,Niger,Female
Stanton,Albania,Male
Colly,China,Female
Camella,Panama,Female
Minny,China,Female
Kacy,Czech Republic,Female
Bari,Colombia,Female
Ken,Brazil,Male
Silvana,Honduras,Female
Amby,Greece,Male
Ban,China,Male
Cynthia,Indonesia,Female
Mariel,Indonesia,Female
Nikaniki,France,Female
Leanor,China,Female
Nicholas,Russia,Male
Haslett,Indonesia,Male
Meredith,Ukraine,Male
Winfred,United States,Male
Clayborne,Indonesia,Male
Lita,Japan,Female
Leola,Bulgaria,Female
Kassi,China,Female
Logan,Portugal,Male
Avictor,Ireland,Male
Curran,Mexico,Male
Lev,Bangladesh,Male
Anjanette,Philippines,Female
Gilemette,Portugal,Female
Nathanil,China,Male
Leona,Poland,Female
Desirae,Nigeria,Female
Leif,Indonesia,Male
Carmela,Philippines,Female
Giustina,Indonesia,Female
Antin,Peru,Male
Raynor,Argentina,Male
Sutherland,Russia,Male
Ronny,Democratic Republic of the Congo,Male
Phyllys,United States,Female
Hashim,China,Male
Hewitt,China,Male
Myra,France,Female
Krystyna,Poland,Female
Daren,Indonesia,Male
Devina,Philippines,Female
Wynn,China,Male
Sergei,Portugal,Male
Skippy,Indonesia,Male
Bradley,Indonesia,Male
Tedman,Colombia,Male
Garner,France,Male
Haywood,France,Male
Ernesto,Czech Republic,Male
Juana,Serbia,Female
Wallache,Brazil,Male
Marylin,Benin,Female
Melisa,Russia,Female
Cristionna,Czech Republic,Female
Grier,Greece,Genderqueer
Trace,French Polynesia,Male
Thatch,China,Male
Chelsy,United States,Female
Giorgia,Germany,Female
Dena,Vietnam,Female
Windy,Indonesia,Female
Gray,Serbia,Female
Luise,Philippines,Female
Jane,Guatemala,Female
Abba,Norway,Male
Ward,China,Male
Dannel,Slovenia,Male
Saul,Indonesia,Male
Deanna,Indonesia,Female
Eula,Czech Republic,Female
Vinson,Germany,Male
Bealle,Indonesia,Male
Town,China,Male
Minnnie,Russia,Female
Phillipe,Indonesia,Male
Gene,China,Male
Dew,Japan,Male
Adelina,Argentina,Female
Ettore,China,Male
Catlee,Portugal,Female
Eloisa,Slovenia,Female
Kitty,Brazil,Non-binary
Annabela,Venezuela,Female
Allyn,Indonesia,Male
Corney,China,Male
Aleda,Argentina,Female
Orland,Morocco,Male
Damian,China,Male
Merl,China,Genderqueer
Ruttger,Tanzania,Male
Carole,Russia,Female
Lida,China,Female
Klemens,Ivory Coast,Male
Caril,Philippines,Female
Elbert,Poland,Male
Adams,China,Male
Enid,Indonesia,Female
Karalynn,United States,Female
Cristionna,Russia,Female
Chickie,China,Female
Shane,Venezuela,Male
Aime,Portugal,Bigender
Lin,Ireland,Non-binary
Jude,Philippines,Male
Banky,Indonesia,Male
Nolana,Albania,Female
Lorena,United States,Genderfluid
Marianna,Poland,Female
Albie,Japan,Male
Walther,China,Male
Jenine,Norway,Female
Scotti,Maldives,Male
Otha,Honduras,Female
Hermy,Poland,Male
Barbara-anne,France,Female
Natka,China,Female
Jaymee,Greece,Female
Happy,China,Female
Stacy,Malaysia,Female
Leon,Norway,Male
Tyne,Indonesia,Female
Tessi,United Kingdom,Female
Nolly,Poland,Male
Gorden,Ecuador,Male
Fifi,Iran,Female
Neel,Kuwait,Male
Ofilia,Indonesia,Female
Christophorus,Sweden,Bigender
Halley,Russia,Female
Willi,Philippines,Male
Anton,China,Male
Arvie,Brazil,Male
Honoria,Russia,Female
Cecilla,Myanmar,Female
Jordana,Philippines,Female
Bud,Russia,Male
Stephanie,Honduras,Female
Leigh,Argentina,Female
Katuscha,Indonesia,Bigender
Brear,China,Female
Agnese,Russia,Female
Matty,Honduras,Female
Joceline,Uganda,Female
Tabbatha,Tunisia,Female
Wilek,Ukraine,Male
Huey,Philippines,Male
Chadd,Indonesia,Male
Wilmette,China,Female
Vinni,Philippines,Female
Tersina,Nigeria,Female
Stella,Norway,Genderqueer
Kendricks,Macedonia,Male
Hollis,Russia,Male
Sarine,Papua New Guinea,Female
Prudence,Russia,Female
Merwyn,Czech Republic,Male
Pieter,Serbia,Male
Rhona,Ethiopia,Female
Pierrette,China,Female
Kelcey,Greece,Female
Sarita,Belarus,Female
Lana,Angola,Female
Estrella,Serbia,Female
Ferrell,Bulgaria,Male
Marybeth,North Korea,Non-binary
Baily,Indonesia,Male
Maryann,China,Polygender
Marilee,Latvia,Female
Cherin,Russia,Female
Brandyn,France,Male
Leland,Brazil,Male
Lane,China,Female
Cristionna,China,Female
Ximenez,Luxembourg,Male
Edee,Portugal,Female
Muriel,Poland,Female
Christin,Indonesia,Female
Far,Albania,Male
Lee,Bulgaria,Male
Fletch,Poland,Male
Cherye,Philippines,Female
Kippy,South Africa,Male
Justis,Peru,Male
Gayelord,Ukraine,Male
Dew,Mexico,Male
Alard,Egypt,Bigender
Miquela,Indonesia,Female
Samson,Palestinian Territory,Male
Kristos,Ukraine,Male
Othello,Ethiopia,Male
Kimberlee,Poland,Female
Lynda,France,Female
Evanne,Norway,Female
Carling,China,Male
Pete,Ukraine,Male
Avictor,China,Male
Daniella,Yemen,Female
Kile,Bangladesh,Male
Cherey,Syria,Female
Zorina,Indonesia,Female
Carr,Thailand,Male
Florentia,United States,Female
Nevil,Portugal,Male
Guenna,Japan,Female
Kittie,United States,Female
Goldy,Russia,Female
Nat,Czech Republic,Female
Willie,France,Male
Charlena,China,Female
Alano,China,Male
Greer,South Africa,Female
Joline,Kenya,Female
Clemens,Nigeria,Male
Isahella,Pakistan,Female
Maye,Indonesia,Female
Howie,Sweden,Male
Ferrel,Sweden,Bigender
Augustus,Guatemala,Male
Joyan,China,Polygender
Wain,China,Male
Byran,France,Male
Sandi,China,Female
Cynthie,China,Female
Anthiathia,Bahamas,Female
Hannah,Indonesia,Female
Angelico,Russia,Male
Violette,Indonesia,Female
Mordecai,Egypt,Male
Glenda,Indonesia,Female
Audry,Egypt,Female
Guilbert,Argentina,Male
Berton,Indonesia,Male
Gun,Venezuela,Male
Phip,Greece,Male
Stuart,Palestinian Territory,Male
Sybille,Russia,Female
Jamima,Colombia,Female
Jameson,China,Male
Bonnee,China,Female
Addy,Indonesia,Female
Stacia,Albania,Female
Tyne,Ireland,Female
Winfred,Afghanistan,Male
Dulcy,North Korea,Female
Constantia,Hungary,Female
Rodrique,Greece,Male
Britt,Mauritius,Male
Cherida,Panama,Female
Wallis,Mongolia,Female
Haroun,Colombia,Male
Stephanie,Indonesia,Female
Ninnette,Indonesia,Genderfluid
Conchita,Madagascar,Female
Trudey,United States,Female
Merrielle,Mongolia,Female
Wandie,Spain,Female
Elke,Kenya,Female
Seth,Argentina,Male
Vincenz,Russia,Male
Myrilla,China,Female
Kienan,Comoros,Male
Danella,Reunion,Female
Brandy,China,Female
Jerrie,Ireland,Female
Panchito,China,Male
Lulita,China,Female
Raimondo,Brazil,Male
Ilise,China,Female
Jobye,Argentina,Female
Meredithe,Indonesia,Female
Carey,Pakistan,Bigender
Sybilla,Argentina,Female
Frederique,Thailand,Female
Jerad,China,Male
Mignonne,Guadeloupe,Female
Manda,South Africa,Polygender
Belita,Brazil,Bigender
Sax,Spain,Male
Brigg,Brazil,Male
Ronald,Chile,Male
Murry,Portugal,Male
Gussy,Pakistan,Female
Reuben,Afghanistan,Male
Hephzibah,Italy,Female
Constance,Guinea,Female
Linnet,Portugal,Female
Shantee,Ireland,Genderqueer
Cathie,Indonesia,Female
Andrea,China,Female
Netty,China,Female
Freeman,China,Male
Rica,Indonesia,Agender
Marve,Philippines,Male
Merrill,Sudan,Male
Stanford,Argentina,Genderfluid
Rodolph,Philippines,Male
Carine,China,Female
Julie,China,Male
Reeta,Brazil,Female
Carita,Honduras,Female
Gabriello,China,Male
Alano,Brazil,Male
Leeann,Indonesia,Non-binary
Whitman,Poland,Male
Renate,Portugal,Female
Emmye,Philippines,Female
Christoper,China,Non-binary
Vasili,Spain,Male
Gabbi,Russia,Female
Packston,Russia,Male
Maisey,Brazil,Female
Hillery,Ghana,Male
Giavani,Indonesia,Male
Karia,Mexico,Agender
Slade,Indonesia,Male
Andy,Colombia,Male
Reginald,Brazil,Male
Lowe,Peru,Male
Frazer,Russia,Non-binary
Anastasia,South Africa,Female
Ephraim,Russia,Male
Delila,China,Female
Josephina,Latvia,Genderqueer
Cordelia,United States,Genderfluid
Elmira,Indonesia,Female
Davin,Kosovo,Male
Marianne,Greece,Female
Theodosia,Macedonia,Female
Gabey,Thailand,Female
Neilla,China,Female
Andrew,Thailand,Male
Cathie,China,Female
Rafi,China,Male
Erroll,Russia,Male
Hirsch,China,Male
Kimbra,Peru,Female
Malinda,Russia,Female
Darrelle,Canada,Polygender
Grantham,Portugal,Male
Cherida,Sweden,Female
Faun,Indonesia,Female
Timmie,Philippines,Male
Angel,Portugal,Female
Arman,Portugal,Male
Humfrid,Brazil,Male
Arleen,Philippines,Female
Aube,France,Male
Rogerio,Ukraine,Male
Sharyl,Indonesia,Female
Hersh,Portugal,Male
Leighton,Brazil,Male
Mabel,Hungary,Female
Shepard,Indonesia,Male
Dom,Russia,Male
Marietta,Greece,Female
Sherwood,Indonesia,Male
Cirillo,China,Male
Ardene,Peru,Female
Barrett,Indonesia,Male
Dannie,Indonesia,Non-binary
Gorden,Brazil,Male
Jenn,Ghana,Female
Lynn,Lithuania,Male
Sonni,China,Female
Burl,Mauritius,Male
Violette,Philippines,Female
Karoly,Libya,Female
Iorgo,China,Polygender
Juline,Indonesia,Female
Ginni,Czech Republic,Female
Janeczka,Pakistan,Bigender
Huey,Armenia,Male
Kory,Kuwait,Male
Ximenes,France,Male
Lona,Sweden,Genderqueer
Clotilda,Sweden,Female
Lenora,Ireland,Female
Durante,Indonesia,Male
Pierson,Philippines,Male
Shel,Russia,Female
Yvonne,Sweden,Non-binary
Esdras,China,Male
Eddie,Germany,Male
Lane,China,Genderqueer
Corinna,Norway,Agender
Celka,Russia,Polygender
Budd,Philippines,Male
Rudolf,China,Male
Levi,Poland,Male
Philippe,China,Female
Judas,Japan,Male
Osbourne,Thailand,Male
Willyt,Venezuela,Female
Donnie,Thailand,Genderfluid
Cecelia,China,Female
Debby,China,Genderfluid
Rancell,Indonesia,Male
Bird,Ukraine,Female
Lion,Belarus,Male
Tedmund,Reunion,Male
Torie,Indonesia,Female
Ericka,Honduras,Female
Poul,Croatia,Male
Tani,China,Female
Aili,France,Female
Kathleen,Brazil,Female
Sauveur,France,Male
Cristian,Malaysia,Non-binary
Ofelia,Japan,Female
Hermia,Poland,Female
Ethelin,Thailand,Genderqueer
Randy,Latvia,Bigender
Sebastian,Syria,Male
Diahann,Japan,Female
Janos,Nigeria,Male
Cookie,South Africa,Female
Tobias,Philippines,Male
Calley,Sweden,Female
Hanson,France,Male
Foss,Poland,Male
Fonsie,China,Male
Hally,Poland,Female
Judas,Syria,Male
Holden,China,Male
Kearney,Indonesia,Male
Gualterio,Philippines,Male
Lucius,Indonesia,Male
Enrica,Thailand,Bigender
Tatum,Poland,Female
Heinrick,China,Male
Lettie,Serbia,Female
Lonna,Bulgaria,Female
Brant,China,Male
Avril,Philippines,Female
Daryn,Vietnam,Female
Horatio,Honduras,Male
Clementia,Iraq,Female
Malinde,Greece,Female
Shepard,Norway,Male
Nadiya,China,Female
Calli,China,Female
Hillary,Philippines,Male
Zacharias,Czech Republic,Male
Letti,China,Female
Kris,Brazil,Female
Bealle,Philippines,Male
Dusty,Honduras,Female
Bride,Portugal,Female
Skipton,Indonesia,Male
Thebault,China,Male
Noreen,Philippines,Female
Bert,China,Female
Corbin,Guatemala,Male
Leonerd,Mozambique,Male
Edi,Greece,Female
Gabbie,China,Male
Emalee,Tunisia,Female
Charlton,Greece,Male
Zia,China,Genderqueer
Pietra,Sweden,Female
Veronica,Canada,Female
Kimberli,China,Female
Venita,China,Female
Ashbey,Croatia,Male
Lenard,Indonesia,Male
Scotty,Russia,Male
Kassey,Vietnam,Female
Massimiliano,Nicaragua,Male
Rubi,China,Female
Abbey,China,Male
Haslett,Lebanon,Male
Demetris,Philippines,Male
Edmund,Japan,Male
Tannie,Brazil,Male
Britney,Belarus,Female
Rolf,Indonesia,Male
Ashton,Portugal,Male
Anton,Indonesia,Male
Andres,Vietnam,Male
Kare,Indonesia,Female
Bili,Russia,Female
Preston,France,Male
Opaline,Cuba,Female
Kristoforo,Colombia,Male
Brok,Sweden,Male
Emile,Albania,Male
Karlotta,Canada,Female
Darcy,Philippines,Female
Jerrine,South Korea,Female
Friederike,Sudan,Female
Flin,Kazakhstan,Male
Emerson,Indonesia,Male
Burch,Pakistan,Male
Kristoforo,Philippines,Male
Gerard,Nigeria,Male
Delilah,Thailand,Female
Juline,Tunisia,Female
Kim,Poland,Female
Dylan,China,Male
Jacinthe,Czech Republic,Female
Caldwell,Indonesia,Male
Kim,Iran,Male
Lorita,China,Female
Lynnet,Cuba,Female
Marmaduke,Serbia,Non-binary
Israel,China,Male
Gusta,Greece,Female
Thibaut,Finland,Male
Mariette,Indonesia,Female
Kimberley,Croatia,Female
Bradney,Peru,Male
Lowell,Brazil,Male
Ware,China,Male
Cathlene,Brazil,Female
Augustine,United States,Male
Christophe,Mongolia,Male
Zerk,Vietnam,Male
Kacey,Guatemala,Female
Ignazio,Russia,Male
Farleigh,Pakistan,Male
Henka,Indonesia,Female
Noah,Indonesia,Male
Hobart,Philippines,Male
Bess,Syria,Female
Arri,Albania,Male
Micaela,China,Female
Orazio,Philippines,Male
Sondra,Mexico,Female
Desdemona,Russia,Female
Kirstyn,Indonesia,Agender
Ethan,Japan,Male
Matthiew,Canada,Male
Matthaeus,Brazil,Male
Charo,Indonesia,Female
Vincenty,China,Male
Marieann,El Salvador,Female
Izzy,Gabon,Male
Dulcine,Nauru,Female
Barrie,Nigeria,Genderfluid
Casar,Kazakhstan,Genderqueer
Delaney,Indonesia,Male
Arnie,Philippines,Male
Byran,Russia,Male
Worthy,Zimbabwe,Male
Neel,Indonesia,Male
Nicolas,Philippines,Male
Hadley,Cuba,Male
Shelagh,Portugal,Female
Goldina,Qatar,Female
Trevar,Germany,Male
Jacki,China,Female
Jannelle,Egypt,Female
Nick,Colombia,Male
Boris,France,Male
Jayson,South Africa,Genderfluid
Kylie,China,Female
Zollie,Russia,Male
Robena,Indonesia,Female
Byron,China,Male
Natalee,Pakistan,Female
Vilma,China,Non-binary
Cortie,Croatia,Male
Aldwin,Philippines,Male
Sebastiano,Ukraine,Male
Emmott,China,Male
Tabby,Mexico,Female
Corbin,Armenia,Male
Claiborne,Germany,Male
Byram,Mexico,Bigender
Morgan,Albania,Male
Scott,Czech Republic,Male
Audie,Belarus,Polygender
Scarlet,Indonesia,Female
Cherye,Portugal,Female
Giavani,Canada,Male
Reynolds,China,Male
Lindsey,Indonesia,Female
Barb,Peru,Female
Roseann,Indonesia,Genderfluid
Shannen,Bosnia and Herzegovina,Female
Kaine,Russia,Male
Willis,Ukraine,Male
Shepard,Poland,Male
Wileen,Philippines,Female
Othilie,Egypt,Female
Vin,Indonesia,Genderqueer
Ileane,Russia,Female
Lexie,Kosovo,Female
Larine,Ukraine,Female
Wilona,Palestinian Territory,Female
Matthiew,Bulgaria,Male
Lynn,Mexico,Female
Eda,Japan,Agender
Frederigo,Brazil,Male
Dinny,China,Female
Tanner,Yemen,Male
Dalila,China,Female
Gary,Sweden,Male
Chancey,Micronesia,Male
Fidelio,China,Male
Micah,France,Male
Galven,Indonesia,Male
Annabela,Afghanistan,Female
Marti,Argentina,Female
Sax,China,Male
Lorne,Jordan,Female
Marillin,Kazakhstan,Female
Ashbey,Indonesia,Male
Martainn,China,Male
Reuben,China,Male
Tobit,Yemen,Male
Barr,Panama,Male
Alexi,Argentina,Female
Raffaello,Portugal,Male
Tania,Brazil,Female
Mervin,Russia,Male
Morgen,Armenia,Male
Ivonne,Indonesia,Female
Scotti,Indonesia,Male
Walt,Indonesia,Male
Rowe,Ireland,Female
Goldi,Nigeria,Female
Tristan,China,Male
Gan,Colombia,Male
Adore,Indonesia,Female
Vivyanne,Canada,Female
Karie,Indonesia,Female
Ware,Mauritius,Male
Kati,United States,Female
Toby,Russia,Male
Ellis,Poland,Male
Glyn,Philippines,Female
Ruth,Philippines,Female
Goldie,Philippines,Female
Ki,Albania,Female
Timmy,United States,Female
Dallon,Yemen,Male
Meagan,Sweden,Female
Laurene,France,Female
Shela,China,Female
Bendix,Mali,Male
Nerita,Poland,Female
Addie,Czech Republic,Female
Cleve,Indonesia,Male
Elberta,Croatia,Female
Gregory,Philippines,Genderfluid
Marquita,China,Polygender
Sharl,Indonesia,Female
Ab,China,Male
Karlik,Argentina,Male
Devlen,Indonesia,Non-binary
Timmy,China,Male
Lyle,Philippines,Male
Corbett,Indonesia,Male
Shalne,South Africa,Female
Elaina,Ukraine,Polygender
Talbert,Nigeria,Male
Lawry,Canada,Male
Milicent,China,Female
Aline,Ivory Coast,Female
Carney,Poland,Male
Valina,Canada,Female
Davide,China,Male
Tiphani,Albania,Female
Gabriel,Norway,Female
Bradney,Guatemala,Male
Alleen,Guinea-Bissau,Female
Faye,Albania,Female
Krysta,Mexico,Female
Cortney,Panama,Female
Farly,Comoros,Male
Corrianne,China,Female
Pepita,China,Female
Jeramie,Morocco,Male
Aurlie,Czech Republic,Female
Betteanne,France,Female
Vaughan,China,Male
Kirby,Japan,Female
Hildagard,United States,Female
Ivar,China,Male
Danny,Indonesia,Male
Marnie,Malaysia,Female
Lexi,Poland,Female
Briny,Indonesia,Female
Astrix,Dominican Republic,Female
Les,Peru,Agender
Hans,Indonesia,Male
Dare,France,Male
Wilhelm,China,Male
Jordan,Poland,Female
Wood,Philippines,Male
Avigdor,China,Male
Foster,China,Male
Bernetta,Vietnam,Female
Katha,China,Female
Katuscha,Russia,Female
Rhoda,United States,Female
Nanine,Denmark,Female
Cassy,Indonesia,Female
Fanechka,Indonesia,Female
Florenza,Finland,Female
Nicolette,Iran,Female
Johnath,Indonesia,Female
Pen,China,Male
Judd,Brazil,Male
Cori,China,Male
Pacorro,New Zealand,Male
Bobbette,Ethiopia,Female
Kizzie,Yemen,Female
Carley,Poland,Female
Maryjane,Russia,Female
Kip,China,Non-binary
Bree,China,Female
Tedmund,Ukraine,Male
Goldia,China,Female
Anne-marie,France,Female
Calhoun,Spain,Male
Lemar,Lithuania,Male
Reinaldo,Papua New Guinea,Male
Kim,Colombia,Male
Emmott,Indonesia,Male
Ethelda,Tokelau,Female
Silvan,Brazil,Male
Tessie,Ukraine,Female
Mercy,Portugal,Female
Karlen,Sweden,Female
Hazlett,Sweden,Male
Chlo,China,Genderfluid
Rahal,Indonesia,Female
Sebastien,Sweden,Male
Aguistin,United States,Polygender
Frederigo,Pakistan,Male
Emile,Latvia,Male
Haywood,Indonesia,Male
Frasco,Peru,Male
Rey,China,Female
Poul,Sweden,Male
Zeb,Thailand,Male
Ozzie,Jordan,Genderfluid
Ferdie,China,Male
Morganica,Brazil,Female
Jourdan,Poland,Female
Justen,Costa Rica,Agender
Shalom,Mexico,Male
Tommy,Indonesia,Male
Corbie,China,Male
Miranda,Uganda,Female
Mose,China,Male
Ephrayim,Afghanistan,Male
Tymothy,France,Male
Alonso,Norway,Male
Hewet,Tanzania,Male
Justen,Afghanistan,Male
Cordie,Dominican Republic,Male
Sanford,France,Male
Rania,Honduras,Female
Ranee,Guatemala,Female
Esme,Colombia,Female
Georgeta,Philippines,Female
Jacquette,Russia,Female
Devonna,China,Female
Pepito,China,Male
Jonas,Japan,Male
Gerty,Russia,Female
Forrester,Ukraine,Male
Baldwin,Colombia,Male
Jazmin,Angola,Female
Sergeant,Indonesia,Male
Raimund,Sweden,Male
Christalle,Brazil,Female
Terrance,China,Male
Drucie,Portugal,Female
Albina,Sweden,Female
Wash,Peru,Male
Florina,China,Female
Bonnee,China,Female
Tabina,Afghanistan,Female
Bentley,Palestinian Territory,Male
Falkner,Norway,Male
Pietra,Dominica,Female
Shalne,Vietnam,Female
Keriann,Philippines,Female
Elfie,China,Female
Rafferty,China,Non-binary
Laurice,China,Non-binary
Alfreda,Peru,Female
Nichols,Brazil,Male
Leeann,Portugal,Genderqueer
Aileen,South Africa,Female
Mureil,Indonesia,Female
North,Bosnia and Herzegovina,Male
Manfred,Indonesia,Male
Karalee,Portugal,Female
Thedrick,Colombia,Polygender
Fara,Mexico,Female
Tersina,China,Female
Constancia,France,Female
Mord,Iran,Male
Brana,Dominican Republic,Female
Jecho,Serbia,Male
Alexine,Czech Republic,Female
Tedi,China,Female
Kriste,China,Female
Clarie,Tunisia,Female
Sanford,Philippines,Male
Niko,China,Male
Garrott,China,Male
Robyn,Yemen,Female
Barnie,Chad,Male
Bernita,Tajikistan,Female
Christy,United States,Male
Ransell,Russia,Male
Alaric,Ukraine,Male
Tadeas,Tunisia,Male
Billie,Honduras,Male
